Keyword,Seed
kids sudoku 1-6,sudoku for kids
sudoku for kids printable,sudoku for kids
sudoku for kids nz,sudoku for kids
junior sudoku for kids,sudoku for kids
sudoku for clever kids,sudoku for kids
sudoku for kids 2x2,sudoku for kids
sudoku for kids 3x3,sudoku for kids
sudoku for kids 5x5,sudoku for kids
sudoku for kids easy,sudoku for kids
sudoku for kids game,sudoku for kids
sudoku for kids kmart,sudoku for kids
sudoku for kids medium,sudoku for kids
sudoku for kids rules,sudoku for kids
sudoku for kids switch,sudoku for kids
sudoku for kids video,sudoku for kids
sudoku for kids beginners,sudoku for kids
