order_id,customer_id,product_id,order_date,order_value,name_x,age,email,region_id,name_y,category,price,region_name,year,month,is_high_value
7164fe18-6af0-4310-9e7f-463e47557bec,1089,548,2023-08-14,1516.32,John Adkins,35,knightpeter@example.org,1,Play,Electronics,116.5,North,2023,8,True
a7af6ff5-fe82-4e95-8c36-7d1480403c02,1064,518,2023-08-09,395.21,Nicholas Perez,68,andersonchristopher@example.com,1,Begin,Electronics,42.76,North,2023,8,False
9034f8eb-1c42-4682-95f5-235b5bbbc20e,1045,517,2023-11-10,1661.08,Heather Cummings,52,fuentessamantha@example.org,1,Hot,Home,445.51,North,2023,11,True
f02fdaa0-9e3b-47c9-9ebc-04a2c81d472f,1094,549,2024-02-26,1901.29,Rebecca Brooks,52,davistammy@example.net,1,Until,Electronics,174.84,North,2024,2,True
55d50f3e-1eea-4400-a0f1-fd43c7f0b4b5,1056,523,2023-09-07,493.28,Jordan Parks,56,jdaniels@example.com,1,Full,Books,160.69,North,2023,9,False
ce49d966-1252-494a-80a6-4bc5a732d73b,1098,544,2024-01-14,335.53,Nancy Thomas,29,lewisjenna@example.net,1,Concern,Books,14.74,North,2024,1,False
541349bd-2427-407c-9a5a-bf2ee3b63271,1049,513,2023-10-09,1342.78,Mark Baker,69,jennifer28@example.net,1,Grow,Home,268.22,North,2023,10,True
ec35a50a-6db8-42b6-8c28-885e5a8083e2,1098,547,2023-10-22,717.46,Nancy Thomas,29,lewisjenna@example.net,1,Personal,Fashion,396.66,North,2023,10,False
a802a4b6-32ae-4bc2-91d9-551e8a4db062,1064,534,2024-04-16,26.85,Nicholas Perez,68,andersonchristopher@example.com,1,Well,Home,183.69,North,2024,4,False
7c9f0bb7-c81a-4758-bf21-2cd36351280a,1060,507,2024-11-23,1875.52,Nicole Mcdonald,52,charles28@example.com,1,Specific,Electronics,84.66,North,2024,11,True
87e801e4-c37c-4172-b4dc-cb7a7ef93b3d,1087,520,2023-11-24,532.46,Joanna Cooley,30,kellyeric@example.com,1,Sometimes,Home,40.73,North,2023,11,False
ca4ceafb-b4d7-43fc-93a3-5270a17d2469,1080,528,2023-06-29,678.58,Christopher Sparks,40,qrose@example.com,1,Past,Books,74.64,North,2023,6,False
2aa24d21-b6c0-4aa1-b09e-c9933b53f049,1094,526,2024-05-30,823.39,Rebecca Brooks,52,davistammy@example.net,1,Wide,Fashion,428.23,North,2024,5,False
d26548f5-5a9c-4770-be87-a70066cfd16e,1009,508,2023-07-08,132.79,Lisa Foster,23,brentsmith@example.net,1,Girl,Books,393.58,North,2023,7,False
7f78be97-7dbc-4c4d-80d1-488f3b345535,1034,542,2024-10-21,632.39,Justin Bruce,47,veronica65@example.org,1,Nothing,Electronics,75.83,North,2024,10,False
947c6144-0b65-4bd4-b035-be20314b475d,1087,527,2024-02-13,341.76,Joanna Cooley,30,kellyeric@example.com,1,Process,Electronics,45.63,North,2024,2,False
9920db14-a684-4445-a128-6a3e5f3c3556,1022,520,2023-07-31,1083.36,Dylan Meyer,60,phillipgarcia@example.net,1,Sometimes,Home,40.73,North,2023,7,True
d1fd90a0-1eb5-4056-a660-38fc60c97cd0,1078,521,2023-07-16,1547.27,Diana Coleman,20,michaelmoore@example.org,1,Quite,Fashion,129.17,North,2023,7,True
77ab6d05-72ee-48f9-8898-70c41adefe7e,1011,523,2024-01-30,1266.31,Tina Moreno,37,lawsonscott@example.org,1,Full,Books,160.69,North,2024,1,True
1ed75f22-3cf3-48b9-b164-b85deea8e638,1013,540,2024-08-02,1027.06,Dennis Guzman,32,kevin98@example.net,1,Skin,Electronics,127.45,North,2024,8,True
c2580d83-419a-4e5c-9ea8-3785e7604145,1098,523,2025-01-02,1198.72,Nancy Thomas,29,lewisjenna@example.net,1,Full,Books,160.69,North,2025,1,True
3c750046-0b5e-4730-8143-41b264b3c036,1011,533,2024-10-02,413.52,Tina Moreno,37,lawsonscott@example.org,1,Over,Fashion,363.84,North,2024,10,False
7b36e776-e849-4545-8541-273d1b630678,1097,547,2024-04-24,688.93,Wendy Gonzalez,51,patrick68@example.com,1,Personal,Fashion,396.66,North,2024,4,False
c8fd81ad-c0ab-45e8-906b-0f567f9d9455,1076,542,2023-08-05,746.65,Debra Juarez,21,pdean@example.net,1,Nothing,Electronics,75.83,North,2023,8,False
f23b4b87-cfb0-4fa6-81f4-0f280665af58,1045,508,2024-12-19,1807.75,Heather Cummings,52,fuentessamantha@example.org,1,Girl,Books,393.58,North,2024,12,True
5bb3dc57-3e61-4fab-b129-6e4c3b91b119,1060,547,2023-07-29,187.15,Nicole Mcdonald,52,charles28@example.com,1,Personal,Fashion,396.66,North,2023,7,False
b5b2dd90-ba9c-4ae2-b98a-22c86a8b4482,1011,521,2024-10-29,505.81,Tina Moreno,37,lawsonscott@example.org,1,Quite,Fashion,129.17,North,2024,10,False
50fc7079-459f-4fab-9cc6-4cf62c13cad8,1045,550,2024-11-03,679.8,Heather Cummings,52,fuentessamantha@example.org,1,Across,Books,118.07,North,2024,11,False
bf1a5c55-0c57-4cac-ba9e-7f966e111a78,1098,546,2025-03-27,952.7,Nancy Thomas,29,lewisjenna@example.net,1,Several,Books,233.09,North,2025,3,False
7e59354f-3b53-4337-85b3-4b50a2cf216d,1022,528,2025-04-06,1574.04,Dylan Meyer,60,phillipgarcia@example.net,1,Past,Books,74.64,North,2025,4,True
37ee6b55-7284-48b4-a669-6df80b8caa42,1094,533,2024-09-21,891.17,Rebecca Brooks,52,davistammy@example.net,1,Over,Fashion,363.84,North,2024,9,False
2de10e0b-4fff-4e6f-aaa5-36a29ded91cf,1087,543,2024-12-07,1965.35,Joanna Cooley,30,kellyeric@example.com,1,Dog,Fashion,368.77,North,2024,12,True
e3f09a25-0e96-4da7-b158-5a0b1f845c90,1097,509,2024-12-01,1472.26,Wendy Gonzalez,51,patrick68@example.com,1,Sister,Home,200.18,North,2024,12,True
6e4d1ff6-5660-4012-9130-be0d769ddc41,1087,548,2024-08-24,534.85,Joanna Cooley,30,kellyeric@example.com,1,Play,Electronics,116.5,North,2024,8,False
59e273b0-9ac6-4d00-9ccf-be376bf28107,1013,531,2023-05-11,1844.25,Dennis Guzman,32,kevin98@example.net,1,Add,Fashion,175.33,North,2023,5,True
cbf6a938-313b-4927-bf0e-1763e7f36703,1013,532,2023-09-01,1422.12,Dennis Guzman,32,kevin98@example.net,1,Difficult,Electronics,373.09,North,2023,9,True
9609962a-31f5-481f-acdd-a70c79064076,1097,544,2023-02-04,962.99,Wendy Gonzalez,51,patrick68@example.com,1,Concern,Books,14.74,North,2023,2,False
12353fdb-8f38-45a4-9cc6-42de0f4d302d,1087,550,2025-02-26,20.78,Joanna Cooley,30,kellyeric@example.com,1,Across,Books,118.07,North,2025,2,False
c868cc7b-18f8-4471-8a25-d3c87d4c6f0f,1009,547,2023-02-05,1261.36,Lisa Foster,23,brentsmith@example.net,1,Personal,Fashion,396.66,North,2023,2,True
03872f1b-cb19-4034-a2b8-e1955452ec6b,1076,542,2023-05-16,741.11,Debra Juarez,21,pdean@example.net,1,Nothing,Electronics,75.83,North,2023,5,False
5e50db2e-53e0-42a1-bde0-9871a17c3ddb,1013,540,2023-11-06,474.15,Dennis Guzman,32,kevin98@example.net,1,Skin,Electronics,127.45,North,2023,11,False
3d1c577f-270a-408a-80ad-0bb1c8597a15,1022,522,2024-03-21,269.79,Dylan Meyer,60,phillipgarcia@example.net,1,Single,Home,104.42,North,2024,3,False
cb454000-fe62-450b-87bf-d2eb9515585e,1034,547,2024-12-09,1635.37,Justin Bruce,47,veronica65@example.org,1,Personal,Fashion,396.66,North,2024,12,True
594559d9-911d-40c9-adf0-2c6786be8e3b,1056,504,2023-07-26,477.03,Jordan Parks,56,jdaniels@example.com,1,Career,Fashion,152.96,North,2023,7,False
30d40952-cce9-4b77-bbd8-1ef6c8613e3c,1080,534,2023-05-26,228.72,Christopher Sparks,40,qrose@example.com,1,Well,Home,183.69,North,2023,5,False
d1a737ab-7d77-4e26-9a84-6a35e830400c,1022,533,2024-05-31,815.34,Dylan Meyer,60,phillipgarcia@example.net,1,Over,Fashion,363.84,North,2024,5,False
e6075802-e1eb-47ea-88d8-6c6cb6656012,1098,539,2024-05-24,1260.28,Nancy Thomas,29,lewisjenna@example.net,1,No,Home,334.81,North,2024,5,True
f3aa8c42-bc54-41de-b22a-80d5d3185883,1082,536,2024-05-25,896.25,Kaitlyn Weaver,59,owatts@example.org,1,Manager,Home,221.75,North,2024,5,False
fce1f32c-be75-4c2e-8d1d-6d97c33ea0aa,1064,527,2024-12-20,1796.66,Nicholas Perez,68,andersonchristopher@example.com,1,Process,Electronics,45.63,North,2024,12,True
d20bf21b-a517-46ed-9978-0197aaa10c7d,1022,533,2023-04-17,1786.52,Dylan Meyer,60,phillipgarcia@example.net,1,Over,Fashion,363.84,North,2023,4,True
afc4e2bf-fe3f-445e-a873-081ad1f1d659,1064,502,2024-07-19,893.91,Nicholas Perez,68,andersonchristopher@example.com,1,True,Books,130.74,North,2024,7,False
cb29974a-9c85-4725-9a44-a951aa1e241c,1072,537,2025-02-06,978.14,Amy Walsh,56,derekle@example.org,1,Fill,Fashion,133.46,North,2025,2,False
422321a2-ab07-4621-a06f-b0532e64be15,1045,548,2024-05-08,1393.89,Heather Cummings,52,fuentessamantha@example.org,1,Play,Electronics,116.5,North,2024,5,True
d487f45e-e426-4a1d-9d9d-818259c54dd1,1087,517,2023-05-18,166.06,Joanna Cooley,30,kellyeric@example.com,1,Hot,Home,445.51,North,2023,5,False
7756708b-3246-44f2-94ad-98428ad551e9,1034,511,2024-06-10,692.16,Justin Bruce,47,veronica65@example.org,1,Create,Electronics,181.72,North,2024,6,False
ce439753-6d1e-472b-8c89-a2ca8894084f,1089,545,2024-07-19,256.16,John Adkins,35,knightpeter@example.org,1,Term,Books,38.86,North,2024,7,False
f4a3c4ed-a25c-4eab-a3f4-7a664b1e4576,1060,526,2023-07-11,446.81,Nicole Mcdonald,52,charles28@example.com,1,Wide,Fashion,428.23,North,2023,7,False
8c733280-aaba-4097-be1e-ea7f04c53a1b,1022,528,2023-10-21,692.88,Dylan Meyer,60,phillipgarcia@example.net,1,Past,Books,74.64,North,2023,10,False
efd0013f-aaf1-4543-b593-fa222c2364a3,1011,550,2023-10-17,1338.61,Tina Moreno,37,lawsonscott@example.org,1,Across,Books,118.07,North,2023,10,True
d4dac497-ec4f-4d5d-bd68-7e460fc2ca4c,1022,542,2024-10-15,1876.53,Dylan Meyer,60,phillipgarcia@example.net,1,Nothing,Electronics,75.83,North,2024,10,True
de65cb12-c635-48e5-8705-9d0558c5a1be,1097,517,2024-12-17,30.6,Wendy Gonzalez,51,patrick68@example.com,1,Hot,Home,445.51,North,2024,12,False
bf4c908a-72b3-4c31-b19e-38c57fe23c7b,1013,509,2023-06-02,1660.97,Dennis Guzman,32,kevin98@example.net,1,Sister,Home,200.18,North,2023,6,True
034c047e-cf99-4109-ade2-6a237c42f9a3,1009,538,2024-04-05,734.05,Lisa Foster,23,brentsmith@example.net,1,Bed,Fashion,396.6,North,2024,4,False
07a91110-9dcb-40bf-a88d-97e1a831e9d3,1009,505,2023-04-29,791.96,Lisa Foster,23,brentsmith@example.net,1,Avoid,Electronics,187.63,North,2023,4,False
cb5213cc-5322-42ef-9eac-09e3b48d21a8,1082,502,2024-01-27,1481.76,Kaitlyn Weaver,59,owatts@example.org,1,True,Books,130.74,North,2024,1,True
0bedc515-e1ac-423b-b375-97a3dfafb999,1011,510,2023-06-27,713.42,Tina Moreno,37,lawsonscott@example.org,1,System,Electronics,45.5,North,2023,6,False
aa965f9a-2ca6-4996-961f-38d8756ff742,1009,549,2025-01-23,1251.91,Lisa Foster,23,brentsmith@example.net,1,Until,Electronics,174.84,North,2025,1,True
f3c85a8e-f746-4f02-82a5-900270991154,1087,549,2024-01-16,959.01,Joanna Cooley,30,kellyeric@example.com,1,Until,Electronics,174.84,North,2024,1,False
6a9ec5a7-076f-41f6-9fa7-fd84f1171f27,1013,519,2025-03-03,389.08,Dennis Guzman,32,kevin98@example.net,1,Prove,Electronics,419.7,North,2025,3,False
c3061c58-c9ee-4f2d-b377-ce720ceb9e23,1013,514,2023-03-27,1185.27,Dennis Guzman,32,kevin98@example.net,1,Become,Books,102.69,North,2023,3,True
7c8cc1c3-0aa9-4419-aa4c-69380672dd2a,1076,536,2024-04-05,823.54,Debra Juarez,21,pdean@example.net,1,Manager,Home,221.75,North,2024,4,False
5e4fea73-26cb-4051-827a-e1d4af117c5e,1089,541,2023-11-26,1891.67,John Adkins,35,knightpeter@example.org,1,Really,Electronics,474.91,North,2023,11,True
88e56d80-80e6-4db7-9163-236043f7ac4a,1097,548,2023-12-02,1223.83,Wendy Gonzalez,51,patrick68@example.com,1,Play,Electronics,116.5,North,2023,12,True
20323557-b02b-4d03-91eb-0b0635f61217,1034,549,2024-03-17,1587.72,Justin Bruce,47,veronica65@example.org,1,Until,Electronics,174.84,North,2024,3,True
2bacb9c5-3307-49db-9a2f-baae93dd337b,1087,535,2025-02-03,1628.15,Joanna Cooley,30,kellyeric@example.com,1,Then,Home,399.68,North,2025,2,True
690f4928-e117-49f6-aba9-46740b30b959,1034,513,2024-05-10,886.72,Justin Bruce,47,veronica65@example.org,1,Grow,Home,268.22,North,2024,5,False
f98e53b2-cb40-4b7d-b9fb-1830843c8e37,1078,501,2024-07-11,563.31,Diana Coleman,20,michaelmoore@example.org,1,Seat,Books,462.65,North,2024,7,False
b184c889-2a4a-422e-a606-c4cb46f6aae0,1087,505,2023-06-07,136.03,Joanna Cooley,30,kellyeric@example.com,1,Avoid,Electronics,187.63,North,2023,6,False
99edbcbb-bf22-4a30-bb81-009198e94afb,1013,521,2024-08-26,1187.02,Dennis Guzman,32,kevin98@example.net,1,Quite,Fashion,129.17,North,2024,8,True
6f9f1482-172d-4a2d-b33a-074aca4f74c6,1098,548,2023-10-27,1035.23,Nancy Thomas,29,lewisjenna@example.net,1,Play,Electronics,116.5,North,2023,10,True
f55df2c5-a451-48fb-b762-c9d70e621f9a,1049,522,2024-12-27,697.49,Mark Baker,69,jennifer28@example.net,1,Single,Home,104.42,North,2024,12,False
a1244502-fbfa-4eb3-b424-9f55f600f596,1056,535,2023-12-06,952.17,Jordan Parks,56,jdaniels@example.com,1,Then,Home,399.68,North,2023,12,False
e26d0622-2cb8-4866-8f35-5f9e4908cfc9,1011,527,2024-12-04,1522.46,Tina Moreno,37,lawsonscott@example.org,1,Process,Electronics,45.63,North,2024,12,True
8e51fbbc-a71c-4581-977f-443c49370bf3,1045,548,2024-11-06,481.02,Heather Cummings,52,fuentessamantha@example.org,1,Play,Electronics,116.5,North,2024,11,False
70dcfae0-3fa7-4c1b-b489-d89c6fe26173,1034,501,2024-04-29,203.11,Justin Bruce,47,veronica65@example.org,1,Seat,Books,462.65,North,2024,4,False
b809ae79-12d6-4e81-8216-52a1bf71622e,1094,526,2023-03-06,913.34,Rebecca Brooks,52,davistammy@example.net,1,Wide,Fashion,428.23,North,2023,3,False
2c70ff26-7a77-460b-9d0f-b3e3557a4d9f,1064,549,2023-12-03,145.57,Nicholas Perez,68,andersonchristopher@example.com,1,Until,Electronics,174.84,North,2023,12,False
bdd889e3-3042-4b36-a604-382ce4594b9f,1060,501,2024-12-10,1648.0,Nicole Mcdonald,52,charles28@example.com,1,Seat,Books,462.65,North,2024,12,True
12cd8f87-cb67-46df-9769-f7f2e9595c9b,1098,547,2024-10-19,127.47,Nancy Thomas,29,lewisjenna@example.net,1,Personal,Fashion,396.66,North,2024,10,False
bf02f043-fa07-400e-b146-b453e4a3085f,1094,536,2024-06-18,814.41,Rebecca Brooks,52,davistammy@example.net,1,Manager,Home,221.75,North,2024,6,False
15e222e6-8034-4658-a0dd-d38b5635c330,1080,530,2025-04-02,528.2,Christopher Sparks,40,qrose@example.com,1,Yourself,Books,244.22,North,2025,4,False
8822ea15-0a7a-4ecf-9719-d5982f78265a,1087,541,2023-12-06,1210.16,Joanna Cooley,30,kellyeric@example.com,1,Really,Electronics,474.91,North,2023,12,True
1a3e857d-3699-4b8d-9d92-be39b004eac8,1045,523,2024-12-07,1296.36,Heather Cummings,52,fuentessamantha@example.org,1,Full,Books,160.69,North,2024,12,True
fbf167af-8cdf-4063-a1b9-5254c12ba233,1013,516,2023-05-21,1874.36,Dennis Guzman,32,kevin98@example.net,1,Past,Books,125.65,North,2023,5,True
4482ca07-442d-471f-bbba-9aa0046b1f39,1097,539,2024-11-29,318.78,Wendy Gonzalez,51,patrick68@example.com,1,No,Home,334.81,North,2024,11,False
971e4117-7a92-4592-a05f-f4e77338c7dc,1098,518,2025-03-13,815.16,Nancy Thomas,29,lewisjenna@example.net,1,Begin,Electronics,42.76,North,2025,3,False
dd556e8a-b42b-49cc-824d-e9d834acbcca,1078,501,2024-08-19,103.95,Diana Coleman,20,michaelmoore@example.org,1,Seat,Books,462.65,North,2024,8,False
d51a4251-c20e-486f-b8e8-381d7dce1e62,1009,511,2024-03-18,1323.05,Lisa Foster,23,brentsmith@example.net,1,Create,Electronics,181.72,North,2024,3,True
9238a9c8-4d3a-44ee-8260-0524611f6428,1097,507,2023-03-18,1487.24,Wendy Gonzalez,51,patrick68@example.com,1,Specific,Electronics,84.66,North,2023,3,True
a2e05afa-9cf6-47b7-a2a8-1ddd0ef54899,1076,540,2024-12-05,452.74,Debra Juarez,21,pdean@example.net,1,Skin,Electronics,127.45,North,2024,12,False
5a9e5d80-e0cf-4828-a4f5-a7fae7a558f6,1094,526,2023-06-08,1295.66,Rebecca Brooks,52,davistammy@example.net,1,Wide,Fashion,428.23,North,2023,6,True
39d0a8b3-b0b3-4511-89d4-273b8da04574,1045,550,2025-03-30,1879.87,Heather Cummings,52,fuentessamantha@example.org,1,Across,Books,118.07,North,2025,3,True
eefa47a8-9a06-4c1e-bb58-ae55c3acd346,1097,533,2023-11-02,888.31,Wendy Gonzalez,51,patrick68@example.com,1,Over,Fashion,363.84,North,2023,11,False
6f6ea874-f759-45fa-ba12-bbcde6732396,1089,543,2023-02-18,370.82,John Adkins,35,knightpeter@example.org,1,Dog,Fashion,368.77,North,2023,2,False
f0ac17fb-c5fd-4885-a2b7-3a749dcbe6da,1087,512,2024-11-02,421.13,Joanna Cooley,30,kellyeric@example.com,1,Appear,Home,369.06,North,2024,11,False
bdf0d2e0-999d-4c7f-91a8-b65db9681322,1060,542,2023-07-27,602.16,Nicole Mcdonald,52,charles28@example.com,1,Nothing,Electronics,75.83,North,2023,7,False
f2901acb-bdcb-43e1-a4eb-d5f18a15b17f,1009,519,2024-05-18,41.94,Lisa Foster,23,brentsmith@example.net,1,Prove,Electronics,419.7,North,2024,5,False
f0c0ca22-6808-4057-ac18-5ec743b799ff,1078,533,2023-11-30,1889.87,Diana Coleman,20,michaelmoore@example.org,1,Over,Fashion,363.84,North,2023,11,True
d9f50d86-35d5-42a3-9123-3cca5c7e0918,1034,528,2025-03-09,1932.27,Justin Bruce,47,veronica65@example.org,1,Past,Books,74.64,North,2025,3,True
a690ea02-c214-4fd6-8188-ddfe5096dbf2,1087,535,2023-07-28,273.57,Joanna Cooley,30,kellyeric@example.com,1,Then,Home,399.68,North,2023,7,False
809ab17b-8121-40bf-81b4-d142795e0a5b,1056,524,2023-10-13,1578.48,Jordan Parks,56,jdaniels@example.com,1,Weight,Electronics,75.89,North,2023,10,True
66a96c25-667c-4d6c-8b7b-8b0dd0bf8ba7,1045,536,2023-02-24,1254.35,Heather Cummings,52,fuentessamantha@example.org,1,Manager,Home,221.75,North,2023,2,True
84a66723-d6a7-49e8-bb8d-367f71e162b4,1060,540,2023-06-09,92.14,Nicole Mcdonald,52,charles28@example.com,1,Skin,Electronics,127.45,North,2023,6,False
5b680a2f-c1e4-4084-8443-86215346984b,1034,521,2024-01-13,520.15,Justin Bruce,47,veronica65@example.org,1,Quite,Fashion,129.17,North,2024,1,False
23f6bda6-67ce-46fe-b433-818a0d2e2687,1064,531,2023-12-29,553.54,Nicholas Perez,68,andersonchristopher@example.com,1,Add,Fashion,175.33,North,2023,12,False
1a9a86df-0062-48f7-8ab9-b6a2d35640ba,1097,538,2023-10-17,235.55,Wendy Gonzalez,51,patrick68@example.com,1,Bed,Fashion,396.6,North,2023,10,False
b16f33bb-0472-4372-a5fa-ddc7f761be54,1049,546,2024-08-22,1383.17,Mark Baker,69,jennifer28@example.net,1,Several,Books,233.09,North,2024,8,True
d88c19e4-6bb5-47ad-bd0c-3bb4b260ab0e,1097,518,2023-06-29,1988.6,Wendy Gonzalez,51,patrick68@example.com,1,Begin,Electronics,42.76,North,2023,6,True
4eceddf8-c19c-42b9-8c9a-eae7de2ce72f,1045,529,2023-06-15,1577.26,Heather Cummings,52,fuentessamantha@example.org,1,Throughout,Home,11.91,North,2023,6,True
aa891398-8553-4397-ad46-9dd4c1c9cc97,1087,522,2024-11-27,414.67,Joanna Cooley,30,kellyeric@example.com,1,Single,Home,104.42,North,2024,11,False
14f4766b-f9c9-4f92-bdee-3fa3d9258167,1009,501,2025-03-06,1671.05,Lisa Foster,23,brentsmith@example.net,1,Seat,Books,462.65,North,2025,3,True
9ac5a754-bc3f-403b-a3e2-6a859cd76cb1,1098,508,2024-01-01,1127.52,Nancy Thomas,29,lewisjenna@example.net,1,Girl,Books,393.58,North,2024,1,True
f0c1481c-232d-4c4c-b4a5-4a967c72376d,1098,545,2024-03-05,1974.54,Nancy Thomas,29,lewisjenna@example.net,1,Term,Books,38.86,North,2024,3,True
8c7ecaf4-ba73-4481-b0bb-69e7921cb1d7,1097,503,2025-02-27,1698.26,Wendy Gonzalez,51,patrick68@example.com,1,Result,Fashion,186.41,North,2025,2,True
ae044a92-6124-44c0-a503-229e8bde082a,1098,545,2024-08-17,1401.14,Nancy Thomas,29,lewisjenna@example.net,1,Term,Books,38.86,North,2024,8,True
026afe00-16b6-4b4e-8496-69e694d907f3,1060,523,2023-06-20,384.71,Nicole Mcdonald,52,charles28@example.com,1,Full,Books,160.69,North,2023,6,False
3a628484-8d25-4d96-8f97-48a102ba21e5,1049,530,2023-07-03,203.44,Mark Baker,69,jennifer28@example.net,1,Yourself,Books,244.22,North,2023,7,False
9bcdd251-4e30-4004-b141-025698b45d00,1078,514,2024-05-07,1089.69,Diana Coleman,20,michaelmoore@example.org,1,Become,Books,102.69,North,2024,5,True
fe6737b2-72f2-4310-9428-0950c1d3b679,1034,544,2024-02-21,1871.43,Justin Bruce,47,veronica65@example.org,1,Concern,Books,14.74,North,2024,2,True
31dc7eff-6ae3-49b6-861b-1f2887cdd06c,1097,541,2024-12-05,320.05,Wendy Gonzalez,51,patrick68@example.com,1,Really,Electronics,474.91,North,2024,12,False
9e1e9766-fcb6-49f1-86c7-d7996153b1be,1076,506,2024-11-17,781.8,Debra Juarez,21,pdean@example.net,1,More,Electronics,237.58,North,2024,11,False
5580a451-3f4c-4eee-a981-ca63a7bc30b0,1082,541,2024-08-27,1260.27,Kaitlyn Weaver,59,owatts@example.org,1,Really,Electronics,474.91,North,2024,8,True
2cd57100-376b-404a-b0d6-099617092038,1060,530,2024-12-04,379.18,Nicole Mcdonald,52,charles28@example.com,1,Yourself,Books,244.22,North,2024,12,False
80f64bab-c733-447c-8c04-45d55ac6ea85,1049,547,2024-07-16,179.27,Mark Baker,69,jennifer28@example.net,1,Personal,Fashion,396.66,North,2024,7,False
257b9a59-bb92-4fc6-b344-7a6274ff4aac,1094,515,2023-08-29,63.88,Rebecca Brooks,52,davistammy@example.net,1,Tonight,Books,307.42,North,2023,8,False
5a5af216-2735-4259-aa80-c87fa7e8ce23,1060,532,2023-05-16,1435.6,Nicole Mcdonald,52,charles28@example.com,1,Difficult,Electronics,373.09,North,2023,5,True
f56c3bf2-af10-4edb-ba50-edb1df4dd72a,1076,540,2023-02-05,1051.43,Debra Juarez,21,pdean@example.net,1,Skin,Electronics,127.45,North,2023,2,True
49ae55e7-9149-49cd-a0d4-b0559b6f5da3,1076,531,2024-02-08,1276.78,Debra Juarez,21,pdean@example.net,1,Add,Fashion,175.33,North,2024,2,True
518c0765-f8aa-48b6-bc23-8dc5c7463281,1076,542,2023-04-16,424.7,Debra Juarez,21,pdean@example.net,1,Nothing,Electronics,75.83,North,2023,4,False
059f16f2-90d3-44ee-937d-f83ea8f538db,1089,545,2024-08-24,828.33,John Adkins,35,knightpeter@example.org,1,Term,Books,38.86,North,2024,8,False
776a60f9-1c34-4e08-b949-63bc712b6bc9,1034,543,2023-06-05,1876.3,Justin Bruce,47,veronica65@example.org,1,Dog,Fashion,368.77,North,2023,6,True
b57f736d-7300-4f5b-8433-aa41eb09d604,1011,544,2024-01-13,1085.15,Tina Moreno,37,lawsonscott@example.org,1,Concern,Books,14.74,North,2024,1,True
c5441402-ed7b-40ca-9b09-66016a69c714,1082,511,2025-03-31,1986.98,Kaitlyn Weaver,59,owatts@example.org,1,Create,Electronics,181.72,North,2025,3,True
c70bd001-4e91-492f-8c70-39aabace4d27,1013,504,2023-11-01,95.34,Dennis Guzman,32,kevin98@example.net,1,Career,Fashion,152.96,North,2023,11,False
8953c310-54fb-4c45-a744-d637e6637e34,1011,503,2023-01-07,1847.43,Tina Moreno,37,lawsonscott@example.org,1,Result,Fashion,186.41,North,2023,1,True
7d6bbb1d-25c9-4720-919e-c170fe51c503,1049,531,2024-03-22,639.86,Mark Baker,69,jennifer28@example.net,1,Add,Fashion,175.33,North,2024,3,False
c8edbee3-c072-478d-80b2-419ea9d73fdd,1045,507,2024-11-25,347.62,Heather Cummings,52,fuentessamantha@example.org,1,Specific,Electronics,84.66,North,2024,11,False
902d578c-5323-4c0d-a6b1-f8baa214d434,1064,519,2023-03-20,1399.09,Nicholas Perez,68,andersonchristopher@example.com,1,Prove,Electronics,419.7,North,2023,3,True
fdd18781-c598-4878-929e-af4ae0f9b99f,1097,541,2024-11-14,1720.15,Wendy Gonzalez,51,patrick68@example.com,1,Really,Electronics,474.91,North,2024,11,True
50b3a943-135f-440f-81ea-7216c6582646,1087,524,2024-07-31,263.33,Joanna Cooley,30,kellyeric@example.com,1,Weight,Electronics,75.89,North,2024,7,False
35cfea23-25d0-49ec-bc58-a42f6930ade7,1098,522,2024-07-26,514.2,Nancy Thomas,29,lewisjenna@example.net,1,Single,Home,104.42,North,2024,7,False
eeb177fd-3787-49ee-8cbb-985dd94452b4,1045,504,2024-03-26,1841.19,Heather Cummings,52,fuentessamantha@example.org,1,Career,Fashion,152.96,North,2024,3,True
b3786ba1-7b50-4ca5-b0a7-876d44aa3ae4,1098,538,2024-04-11,956.79,Nancy Thomas,29,lewisjenna@example.net,1,Bed,Fashion,396.6,North,2024,4,False
f5961bc5-a5a3-4255-854a-6a465269a3ca,1072,549,2023-11-19,854.11,Amy Walsh,56,derekle@example.org,1,Until,Electronics,174.84,North,2023,11,False
07fc5c20-d96c-4118-ac5a-fa861ca020f4,1056,520,2023-06-17,170.62,Jordan Parks,56,jdaniels@example.com,1,Sometimes,Home,40.73,North,2023,6,False
592d820f-4591-4278-bc2e-3bb3cb150a27,1094,513,2024-10-15,780.81,Rebecca Brooks,52,davistammy@example.net,1,Grow,Home,268.22,North,2024,10,False
2f339ce6-8ff5-4a84-84bd-164e71563ee7,1078,504,2024-07-25,511.52,Diana Coleman,20,michaelmoore@example.org,1,Career,Fashion,152.96,North,2024,7,False
bf230968-b0f1-4dbd-9993-6cc140f43ec2,1098,524,2025-01-28,603.05,Nancy Thomas,29,lewisjenna@example.net,1,Weight,Electronics,75.89,North,2025,1,False
1af46364-8f9c-4670-8739-32d91309dfcc,1034,512,2023-05-06,313.8,Justin Bruce,47,veronica65@example.org,1,Appear,Home,369.06,North,2023,5,False
f8fae7d2-ca0c-473a-9296-51cb252f6882,1097,550,2023-02-22,1740.21,Wendy Gonzalez,51,patrick68@example.com,1,Across,Books,118.07,North,2023,2,True
a369ecb5-44a2-4816-91c0-3adb95abf008,1011,541,2023-04-29,1395.4,Tina Moreno,37,lawsonscott@example.org,1,Really,Electronics,474.91,North,2023,4,True
6337529a-c84c-4aaf-bb20-6f2bb97b37b2,1078,510,2025-04-05,1527.06,Diana Coleman,20,michaelmoore@example.org,1,System,Electronics,45.5,North,2025,4,True
54ac5b79-de5c-47ae-89ca-0717d14d55cd,1064,507,2024-09-30,1890.12,Nicholas Perez,68,andersonchristopher@example.com,1,Specific,Electronics,84.66,North,2024,9,True
00b72a40-aab3-4b69-a714-9b952546f26f,1080,543,2024-01-01,491.7,Christopher Sparks,40,qrose@example.com,1,Dog,Fashion,368.77,North,2024,1,False
9aa92fd0-7631-46db-a247-50c78ddccd5c,1098,510,2023-11-14,1380.7,Nancy Thomas,29,lewisjenna@example.net,1,System,Electronics,45.5,North,2023,11,True
97705b04-5bab-4942-baac-03959362f05b,1034,503,2025-03-12,863.51,Justin Bruce,47,veronica65@example.org,1,Result,Fashion,186.41,North,2025,3,False
e7341f45-8f33-4ea6-969b-a96764839eb9,1076,519,2025-03-25,1190.66,Debra Juarez,21,pdean@example.net,1,Prove,Electronics,419.7,North,2025,3,True
a30eeee7-b4dc-49b4-a896-7b22bbc32691,1087,542,2024-10-01,440.15,Joanna Cooley,30,kellyeric@example.com,1,Nothing,Electronics,75.83,North,2024,10,False
eff3009e-e634-4e09-8b27-0c661656d4d1,1060,528,2023-06-12,1098.1,Nicole Mcdonald,52,charles28@example.com,1,Past,Books,74.64,North,2023,6,True
4f806ecd-e819-4cb8-8649-414fb4d2dbfe,1080,544,2025-01-08,1580.45,Christopher Sparks,40,qrose@example.com,1,Concern,Books,14.74,North,2025,1,True
830e7fa2-3c51-4a18-af06-c885e020b6a3,1072,532,2024-11-06,801.39,Amy Walsh,56,derekle@example.org,1,Difficult,Electronics,373.09,North,2024,11,False
542f3c42-2491-4d49-85d2-a49076569e00,1056,510,2023-01-02,1002.89,Jordan Parks,56,jdaniels@example.com,1,System,Electronics,45.5,North,2023,1,True
2a7a41f4-b918-4fe9-9db5-e96efdb8f9da,1094,545,2023-12-29,193.07,Rebecca Brooks,52,davistammy@example.net,1,Term,Books,38.86,North,2023,12,False
e8197df0-756d-46af-bf3e-12dcb19b2e14,1087,525,2023-12-12,1232.53,Joanna Cooley,30,kellyeric@example.com,1,Live,Fashion,117.64,North,2023,12,True
b5d25ca0-7a1b-45cd-be3b-3c7b92912a43,1082,506,2025-03-23,252.35,Kaitlyn Weaver,59,owatts@example.org,1,More,Electronics,237.58,North,2025,3,False
6ed29f17-f2cb-495e-8d64-606172fb8eb9,1045,512,2023-06-26,184.37,Heather Cummings,52,fuentessamantha@example.org,1,Appear,Home,369.06,North,2023,6,False
2551f26a-9d11-460e-90f9-ae41e10c39ad,1078,511,2023-12-14,1882.96,Diana Coleman,20,michaelmoore@example.org,1,Create,Electronics,181.72,North,2023,12,True
7b4b208f-a43e-4ec0-a3bd-f31c12ab7567,1022,521,2023-01-03,1529.36,Dylan Meyer,60,phillipgarcia@example.net,1,Quite,Fashion,129.17,North,2023,1,True
d4bf90aa-39d7-461c-b381-99e2433814fe,1076,530,2023-01-08,1829.51,Debra Juarez,21,pdean@example.net,1,Yourself,Books,244.22,North,2023,1,True
f90265db-cc29-440d-a6b8-bd1ba6b80a92,1009,534,2024-07-12,1944.31,Lisa Foster,23,brentsmith@example.net,1,Well,Home,183.69,North,2024,7,True
ce13a3c8-4e7a-4666-9bfd-d9de4cae7391,1080,534,2024-06-23,358.41,Christopher Sparks,40,qrose@example.com,1,Well,Home,183.69,North,2024,6,False
6958663a-ee1d-4119-b3c3-1af3b704f7d5,1082,501,2023-08-14,1282.29,Kaitlyn Weaver,59,owatts@example.org,1,Seat,Books,462.65,North,2023,8,True
0a625725-66ee-4019-a89c-f536c9de415f,1094,526,2024-07-27,41.81,Rebecca Brooks,52,davistammy@example.net,1,Wide,Fashion,428.23,North,2024,7,False
0f05b9c5-6b38-4bcd-aef5-b26628795d48,1089,521,2023-10-18,743.88,John Adkins,35,knightpeter@example.org,1,Quite,Fashion,129.17,North,2023,10,False
e1685aad-a249-4f0c-9884-80c529c617af,1013,540,2023-06-14,1357.67,Dennis Guzman,32,kevin98@example.net,1,Skin,Electronics,127.45,North,2023,6,True
53927532-0146-4791-9899-85fa10d26cfb,1034,523,2024-11-17,452.25,Justin Bruce,47,veronica65@example.org,1,Full,Books,160.69,North,2024,11,False
3e62b09d-d5e2-46c0-baea-35ca893e5687,1034,533,2024-08-21,245.91,Justin Bruce,47,veronica65@example.org,1,Over,Fashion,363.84,North,2024,8,False
8660a11e-37ec-4f52-8913-14ecc35367d8,1060,528,2023-01-05,1233.6,Nicole Mcdonald,52,charles28@example.com,1,Past,Books,74.64,North,2023,1,True
ebfb4aee-3127-47ce-8a5f-eb4ddb2a4e3d,1011,543,2025-01-15,1641.77,Tina Moreno,37,lawsonscott@example.org,1,Dog,Fashion,368.77,North,2025,1,True
05a23848-1677-4d85-a4d5-458b3a92f9f9,1082,513,2023-10-08,1982.57,Kaitlyn Weaver,59,owatts@example.org,1,Grow,Home,268.22,North,2023,10,True
55cff533-df81-4436-a619-0fafabf13093,1089,518,2024-08-16,1808.58,John Adkins,35,knightpeter@example.org,1,Begin,Electronics,42.76,North,2024,8,True
337139c7-910b-4668-9f61-9e6004945fc5,1064,546,2024-03-12,839.27,Nicholas Perez,68,andersonchristopher@example.com,1,Several,Books,233.09,North,2024,3,False
b14eb0c3-dc0f-415a-8d07-0442e4d016d0,1049,518,2025-02-24,936.21,Mark Baker,69,jennifer28@example.net,1,Begin,Electronics,42.76,North,2025,2,False
e90fcc67-daa1-498e-ac48-aaabcb95e2ee,1064,513,2024-01-03,819.64,Nicholas Perez,68,andersonchristopher@example.com,1,Grow,Home,268.22,North,2024,1,False
95f9727a-5b4b-45b9-9c3b-cd1bdc4f2c2f,1034,530,2024-09-22,1439.73,Justin Bruce,47,veronica65@example.org,1,Yourself,Books,244.22,North,2024,9,True
63d242cd-6d6c-40bb-8205-48ea21706535,1045,548,2024-07-08,575.45,Heather Cummings,52,fuentessamantha@example.org,1,Play,Electronics,116.5,North,2024,7,False
61c3c146-65a3-483f-b1a2-1671e7214c83,1089,532,2023-08-19,1272.11,John Adkins,35,knightpeter@example.org,1,Difficult,Electronics,373.09,North,2023,8,True
523d311e-bfee-4a3e-a236-77e66b1702c5,1064,513,2024-10-06,658.9,Nicholas Perez,68,andersonchristopher@example.com,1,Grow,Home,268.22,North,2024,10,False
c7113ae4-1889-4b7d-9676-cc6def91acff,1094,506,2024-07-25,350.22,Rebecca Brooks,52,davistammy@example.net,1,More,Electronics,237.58,North,2024,7,False
0fce45a2-1694-486e-91cf-107c1477e11f,1009,542,2024-06-13,895.31,Lisa Foster,23,brentsmith@example.net,1,Nothing,Electronics,75.83,North,2024,6,False
ee1e30b0-b837-4298-8010-d405ba263800,1078,520,2023-08-29,1535.81,Diana Coleman,20,michaelmoore@example.org,1,Sometimes,Home,40.73,North,2023,8,True
37ae9f9d-6af3-4fc1-9824-b5663fd422eb,1034,510,2023-11-17,1671.16,Justin Bruce,47,veronica65@example.org,1,System,Electronics,45.5,North,2023,11,True
33f519a6-3bd7-4364-a17f-722acfdf6548,1098,509,2023-11-15,533.99,Nancy Thomas,29,lewisjenna@example.net,1,Sister,Home,200.18,North,2023,11,False
0abda199-dded-4cdd-b302-bf9dcc489611,1098,521,2024-05-22,534.22,Nancy Thomas,29,lewisjenna@example.net,1,Quite,Fashion,129.17,North,2024,5,False
5c169fd7-78ce-4855-80fc-6463dc8a1afb,1089,544,2024-09-07,1032.37,John Adkins,35,knightpeter@example.org,1,Concern,Books,14.74,North,2024,9,True
73376cf4-065e-4163-9e4a-7a288684289d,1098,543,2025-04-01,1639.66,Nancy Thomas,29,lewisjenna@example.net,1,Dog,Fashion,368.77,North,2025,4,True
984b8361-8fc8-4067-a169-b10a83f01d50,1089,516,2024-08-27,1943.41,John Adkins,35,knightpeter@example.org,1,Past,Books,125.65,North,2024,8,True
d118148d-cd25-4f1b-a51e-bb2b1092d663,1078,516,2024-09-27,1329.38,Diana Coleman,20,michaelmoore@example.org,1,Past,Books,125.65,North,2024,9,True
7a45a674-af0d-4a72-b5f1-4ecc29a3677e,1045,534,2024-05-17,805.07,Heather Cummings,52,fuentessamantha@example.org,1,Well,Home,183.69,North,2024,5,False
604d2d34-b27f-48f4-9557-4f24381f09ed,1049,514,2024-01-23,71.49,Mark Baker,69,jennifer28@example.net,1,Become,Books,102.69,North,2024,1,False
5a8bb5ed-31b7-485f-84c5-5040959ffc93,1087,509,2024-06-22,1258.5,Joanna Cooley,30,kellyeric@example.com,1,Sister,Home,200.18,North,2024,6,True
a17c9ca8-8af8-44dc-94d2-5e857bca8bd1,1082,509,2024-02-27,528.98,Kaitlyn Weaver,59,owatts@example.org,1,Sister,Home,200.18,North,2024,2,False
97d6cab2-b330-449a-8781-493c620efaad,1094,545,2023-12-31,55.74,Rebecca Brooks,52,davistammy@example.net,1,Term,Books,38.86,North,2023,12,False
275a85b1-c104-4d91-961b-22fdfc11c635,1013,548,2024-12-06,1758.44,Dennis Guzman,32,kevin98@example.net,1,Play,Electronics,116.5,North,2024,12,True
c2678be9-7fc6-4975-bacb-5e03c981957c,1072,548,2023-01-19,179.91,Amy Walsh,56,derekle@example.org,1,Play,Electronics,116.5,North,2023,1,False
77e83438-f0f6-4b33-8585-b6d243f8b469,1060,522,2024-09-27,1467.1,Nicole Mcdonald,52,charles28@example.com,1,Single,Home,104.42,North,2024,9,True
0ca34089-667f-4a30-b1d3-126eee3a8049,1078,521,2025-02-20,114.71,Diana Coleman,20,michaelmoore@example.org,1,Quite,Fashion,129.17,North,2025,2,False
de616fca-2931-491e-8a60-ca92f18891b3,1076,532,2024-03-24,1510.17,Debra Juarez,21,pdean@example.net,1,Difficult,Electronics,373.09,North,2024,3,True
b1ad0ee7-899f-49e1-ba41-b2448cd00723,1064,511,2024-04-06,1068.13,Nicholas Perez,68,andersonchristopher@example.com,1,Create,Electronics,181.72,North,2024,4,True
93c7ab80-5eb5-46f4-9c35-93c68f599117,1045,535,2023-06-24,79.21,Heather Cummings,52,fuentessamantha@example.org,1,Then,Home,399.68,North,2023,6,False
ba63630f-5a35-4aa9-a37e-5da200c93af3,1097,522,2024-10-05,667.7,Wendy Gonzalez,51,patrick68@example.com,1,Single,Home,104.42,North,2024,10,False
937fe517-a3bd-4311-b9d1-39b96e3372db,1094,535,2023-03-23,387.25,Rebecca Brooks,52,davistammy@example.net,1,Then,Home,399.68,North,2023,3,False
9909ecbb-a952-4435-8651-014e018ca686,1072,544,2023-03-22,632.58,Amy Walsh,56,derekle@example.org,1,Concern,Books,14.74,North,2023,3,False
9bf0abf2-fef6-47f2-bd76-fec6b0cfb645,1076,514,2024-08-12,1556.52,Debra Juarez,21,pdean@example.net,1,Become,Books,102.69,North,2024,8,True
be8da8b1-62af-4ab9-a689-438e249469ec,1013,502,2023-03-26,847.54,Dennis Guzman,32,kevin98@example.net,1,True,Books,130.74,North,2023,3,False
5a148889-582f-41cb-82b7-a0c952739808,1072,530,2024-07-15,402.63,Amy Walsh,56,derekle@example.org,1,Yourself,Books,244.22,North,2024,7,False
ecfa76d8-071c-4f24-812c-b880a5ec16a4,1009,539,2024-06-25,899.14,Lisa Foster,23,brentsmith@example.net,1,No,Home,334.81,North,2024,6,False
d4265723-7877-45b4-b046-64b3f950e8e9,1097,503,2025-03-14,1670.15,Wendy Gonzalez,51,patrick68@example.com,1,Result,Fashion,186.41,North,2025,3,True
c666a22b-3126-438d-93e7-a8200604272a,1072,510,2023-05-29,1098.84,Amy Walsh,56,derekle@example.org,1,System,Electronics,45.5,North,2023,5,True
a34ae3e5-6811-4441-ba8a-aa964e112917,1098,507,2024-05-17,1856.44,Nancy Thomas,29,lewisjenna@example.net,1,Specific,Electronics,84.66,North,2024,5,True
48605aa3-f6c2-49b3-b752-3e0ff15e9a5d,1013,527,2024-12-13,547.25,Dennis Guzman,32,kevin98@example.net,1,Process,Electronics,45.63,North,2024,12,False
705f9b1c-6b1b-4c53-a561-7fe62f6b0203,1098,520,2024-12-30,688.88,Nancy Thomas,29,lewisjenna@example.net,1,Sometimes,Home,40.73,North,2024,12,False
a8d16a4c-841f-4491-b5a6-c29e5c090de5,1094,505,2023-08-31,1191.16,Rebecca Brooks,52,davistammy@example.net,1,Avoid,Electronics,187.63,North,2023,8,True
404a98a6-0821-444d-90ca-311810ce62d9,1034,515,2025-01-04,1729.86,Justin Bruce,47,veronica65@example.org,1,Tonight,Books,307.42,North,2025,1,True
30b0c7b7-834a-43f1-b33f-cc08cd797d4b,1022,506,2025-01-06,386.59,Dylan Meyer,60,phillipgarcia@example.net,1,More,Electronics,237.58,North,2025,1,False
e42409a4-e257-48c6-af57-f3dfe19374b9,1009,529,2024-07-20,418.44,Lisa Foster,23,brentsmith@example.net,1,Throughout,Home,11.91,North,2024,7,False
9320488f-94a9-4a6d-a20c-f0937d401d8c,1056,549,2024-09-06,182.01,Jordan Parks,56,jdaniels@example.com,1,Until,Electronics,174.84,North,2024,9,False
571f1c10-d3eb-470b-ba43-c6eb93717e8e,1076,544,2023-03-12,1312.87,Debra Juarez,21,pdean@example.net,1,Concern,Books,14.74,North,2023,3,True
d3522635-ce92-45f3-9f6c-2b07e856cb5a,1089,547,2024-01-18,1147.91,John Adkins,35,knightpeter@example.org,1,Personal,Fashion,396.66,North,2024,1,True
d5227019-52de-44b3-bd6a-1dc04fcb323e,1094,537,2023-03-27,41.1,Rebecca Brooks,52,davistammy@example.net,1,Fill,Fashion,133.46,North,2023,3,False
f8c0d762-3cb6-403a-8f11-d854669debf6,1080,543,2024-10-14,160.04,Christopher Sparks,40,qrose@example.com,1,Dog,Fashion,368.77,North,2024,10,False
9191807e-f93f-49f1-83ec-31c924c91dff,1082,525,2023-11-25,538.53,Kaitlyn Weaver,59,owatts@example.org,1,Live,Fashion,117.64,North,2023,11,False
7525dc56-d325-4c0e-a98d-af2e4367fd32,1082,542,2023-03-04,479.93,Kaitlyn Weaver,59,owatts@example.org,1,Nothing,Electronics,75.83,North,2023,3,False
f2e9c56b-0f43-40e2-b34c-ca7887ad4c9b,1009,527,2025-02-12,1846.57,Lisa Foster,23,brentsmith@example.net,1,Process,Electronics,45.63,North,2025,2,True
d519c16e-f782-4dc4-a528-ae6f0bd35ce7,1060,536,2025-04-01,1306.41,Nicole Mcdonald,52,charles28@example.com,1,Manager,Home,221.75,North,2025,4,True
e3b05ae7-eb88-40db-b03b-f928602d5291,1072,550,2024-07-14,1782.8,Amy Walsh,56,derekle@example.org,1,Across,Books,118.07,North,2024,7,True
288db89f-1f2d-4bb8-af5c-098dc72e0e1f,1045,534,2023-07-26,584.47,Heather Cummings,52,fuentessamantha@example.org,1,Well,Home,183.69,North,2023,7,False
0dccfec1-a140-463e-9db7-97fab7a04014,1049,540,2024-03-04,609.13,Mark Baker,69,jennifer28@example.net,1,Skin,Electronics,127.45,North,2024,3,False
aabb81e7-0a52-4f1e-81f8-175d938df783,1034,506,2023-03-10,900.23,Justin Bruce,47,veronica65@example.org,1,More,Electronics,237.58,North,2023,3,False
c87ac8dc-a476-4ce8-bf73-457e1754e8ac,1013,525,2024-12-02,1915.22,Dennis Guzman,32,kevin98@example.net,1,Live,Fashion,117.64,North,2024,12,True
24acef5e-bd46-41b1-8cd4-2deb63b2d4c1,1094,531,2023-04-28,1067.0,Rebecca Brooks,52,davistammy@example.net,1,Add,Fashion,175.33,North,2023,4,True
d1f94435-6128-4640-8481-b6df983d9bda,1034,510,2024-07-01,1439.34,Justin Bruce,47,veronica65@example.org,1,System,Electronics,45.5,North,2024,7,True
ee079703-de7d-48b1-8aa0-0819be4e9398,1097,531,2024-08-20,1187.33,Wendy Gonzalez,51,patrick68@example.com,1,Add,Fashion,175.33,North,2024,8,True
ed011baa-78a6-4488-9396-a9b23a27dcbc,1082,539,2023-07-29,299.27,Kaitlyn Weaver,59,owatts@example.org,1,No,Home,334.81,North,2023,7,False
2654a752-3486-48fe-a050-3f9ecbf736ba,1082,523,2023-04-05,660.75,Kaitlyn Weaver,59,owatts@example.org,1,Full,Books,160.69,North,2023,4,False
08dfae7e-cdce-47c2-87e9-39916acbfe28,1022,502,2023-01-03,295.66,Dylan Meyer,60,phillipgarcia@example.net,1,True,Books,130.74,North,2023,1,False
89e8ac11-2a7a-4899-8ea3-25a71c9f259c,1049,544,2023-04-09,655.96,Mark Baker,69,jennifer28@example.net,1,Concern,Books,14.74,North,2023,4,False
1381041f-c9c0-451e-b93b-14c07f7df9a6,1078,509,2024-12-24,1422.26,Diana Coleman,20,michaelmoore@example.org,1,Sister,Home,200.18,North,2024,12,True
3d1a40c8-7bf1-4e42-a66f-9592ad6bc56f,1076,532,2023-04-12,1956.99,Debra Juarez,21,pdean@example.net,1,Difficult,Electronics,373.09,North,2023,4,True
500464cd-d602-44f6-a44a-8e3af2f8e425,1087,510,2025-01-18,338.54,Joanna Cooley,30,kellyeric@example.com,1,System,Electronics,45.5,North,2025,1,False
6c569204-12b0-411f-b77a-a099db614319,1011,519,2025-03-18,1008.08,Tina Moreno,37,lawsonscott@example.org,1,Prove,Electronics,419.7,North,2025,3,True
ff644dc4-3387-40f7-8218-71ffe0bdc6d8,1082,546,2024-02-14,1830.38,Kaitlyn Weaver,59,owatts@example.org,1,Several,Books,233.09,North,2024,2,True
e30c76b5-a9bd-4098-bca6-c5d244b182ac,1045,544,2025-01-22,216.2,Heather Cummings,52,fuentessamantha@example.org,1,Concern,Books,14.74,North,2025,1,False
0dac83e5-ab36-4c66-ae89-f2f9f742c7f8,1060,507,2024-05-04,961.43,Nicole Mcdonald,52,charles28@example.com,1,Specific,Electronics,84.66,North,2024,5,False
2d331c7d-d9ca-4840-bf28-e26daba34942,1064,504,2023-01-27,266.29,Nicholas Perez,68,andersonchristopher@example.com,1,Career,Fashion,152.96,North,2023,1,False
eab12bbb-60d0-488b-9d1c-ee8dd5862d51,1056,528,2023-01-18,1741.97,Jordan Parks,56,jdaniels@example.com,1,Past,Books,74.64,North,2023,1,True
e2479946-f331-4820-8ea6-868104fd686a,1060,525,2024-09-17,876.12,Nicole Mcdonald,52,charles28@example.com,1,Live,Fashion,117.64,North,2024,9,False
493976f2-20fd-423c-87c0-7450a703d37b,1013,523,2023-04-03,1917.71,Dennis Guzman,32,kevin98@example.net,1,Full,Books,160.69,North,2023,4,True
3b0fa893-8745-4a3d-b27c-37396731f7da,1076,531,2025-03-19,231.16,Debra Juarez,21,pdean@example.net,1,Add,Fashion,175.33,North,2025,3,False
ee08b3bd-99ec-474b-888d-e5c1941b95eb,1072,525,2024-08-29,938.5,Amy Walsh,56,derekle@example.org,1,Live,Fashion,117.64,North,2024,8,False
c13e5723-21c1-42b1-b70a-201323369f25,1078,549,2023-10-17,74.78,Diana Coleman,20,michaelmoore@example.org,1,Until,Electronics,174.84,North,2023,10,False
d74c0f0d-e306-49a9-8dda-8d3ced2e7884,1011,535,2023-10-14,1381.13,Tina Moreno,37,lawsonscott@example.org,1,Then,Home,399.68,North,2023,10,True
25bc293d-7064-40b8-9a2b-cf62db3fefc2,1013,526,2024-07-23,1420.93,Dennis Guzman,32,kevin98@example.net,1,Wide,Fashion,428.23,North,2024,7,True
de98cdff-605a-4d4c-8ec3-207b4ebc731f,1076,542,2024-10-19,193.17,Debra Juarez,21,pdean@example.net,1,Nothing,Electronics,75.83,North,2024,10,False
ab007b40-ccad-4325-bf8c-7b8b517b595d,1045,508,2023-01-15,892.29,Heather Cummings,52,fuentessamantha@example.org,1,Girl,Books,393.58,North,2023,1,False
38578fe1-802a-435c-853e-a250aae3034f,1056,514,2024-07-31,185.19,Jordan Parks,56,jdaniels@example.com,1,Become,Books,102.69,North,2024,7,False
a717859c-305d-45d6-ac60-47177a7f1398,1056,512,2024-03-25,404.37,Jordan Parks,56,jdaniels@example.com,1,Appear,Home,369.06,North,2024,3,False
ff6428e3-26f8-45fc-8339-4f4569b8847f,1009,533,2023-07-20,48.17,Lisa Foster,23,brentsmith@example.net,1,Over,Fashion,363.84,North,2023,7,False
fbee391a-5b49-4842-906f-75b932534e20,1078,508,2024-09-22,572.21,Diana Coleman,20,michaelmoore@example.org,1,Girl,Books,393.58,North,2024,9,False
fd997fd9-237c-4876-be86-d438b2efe7e7,1045,506,2023-01-19,1424.77,Heather Cummings,52,fuentessamantha@example.org,1,More,Electronics,237.58,North,2023,1,True
b00ac8fc-7005-4da1-bc12-554a07caf723,1022,517,2023-02-14,738.82,Dylan Meyer,60,phillipgarcia@example.net,1,Hot,Home,445.51,North,2023,2,False
07595d27-ef5f-43c5-b0f2-8710b9b135cf,1089,522,2024-08-20,143.47,John Adkins,35,knightpeter@example.org,1,Single,Home,104.42,North,2024,8,False
8fa8a972-45c3-480e-9c96-973afd621704,1072,541,2023-06-08,1533.73,Amy Walsh,56,derekle@example.org,1,Really,Electronics,474.91,North,2023,6,True
9245c9a1-0c4e-44e3-b782-918b3bc493bd,1097,524,2024-12-29,1258.66,Wendy Gonzalez,51,patrick68@example.com,1,Weight,Electronics,75.89,North,2024,12,True
742fe7b0-fa21-4f1b-bd4f-301cce3a2ae9,1098,534,2024-10-14,609.26,Nancy Thomas,29,lewisjenna@example.net,1,Well,Home,183.69,North,2024,10,False
89949f2b-e092-4e78-9915-6f9d4161c780,1082,507,2023-01-26,473.1,Kaitlyn Weaver,59,owatts@example.org,1,Specific,Electronics,84.66,North,2023,1,False
65cd2d33-3412-4184-91d0-33b2ec164716,1078,523,2025-02-20,112.74,Diana Coleman,20,michaelmoore@example.org,1,Full,Books,160.69,North,2025,2,False
d86c0df1-7720-48bf-8756-8e46ff261257,1082,538,2023-10-17,297.54,Kaitlyn Weaver,59,owatts@example.org,1,Bed,Fashion,396.6,North,2023,10,False
4ce7a3fe-be0a-4255-ab6f-a6325b13aaa5,1045,543,2024-01-18,1420.93,Heather Cummings,52,fuentessamantha@example.org,1,Dog,Fashion,368.77,North,2024,1,True
64898ec7-3bd8-45f6-bdc8-13d316846fd1,1013,501,2023-10-29,785.76,Dennis Guzman,32,kevin98@example.net,1,Seat,Books,462.65,North,2023,10,False
b526ca5d-61e4-4451-9074-3bfe1ef309fa,1045,535,2024-05-31,668.78,Heather Cummings,52,fuentessamantha@example.org,1,Then,Home,399.68,North,2024,5,False
40266b1f-7588-4cb3-a7d0-fad647251973,1076,507,2023-09-10,896.53,Debra Juarez,21,pdean@example.net,1,Specific,Electronics,84.66,North,2023,9,False
c71e9b07-11d7-417d-8e4d-0755d51e3d33,1080,519,2024-12-20,1041.74,Christopher Sparks,40,qrose@example.com,1,Prove,Electronics,419.7,North,2024,12,True
695a12b8-2f94-4c5b-9921-7c724c46ba0e,1082,513,2023-07-15,1349.87,Kaitlyn Weaver,59,owatts@example.org,1,Grow,Home,268.22,North,2023,7,True
042eeba5-ba9a-4093-8f56-9f8bf6a01a4c,1060,532,2023-09-23,1560.54,Nicole Mcdonald,52,charles28@example.com,1,Difficult,Electronics,373.09,North,2023,9,True
e34cc8c6-dff9-4701-aac1-91d70729cf22,1034,536,2023-04-25,1434.74,Justin Bruce,47,veronica65@example.org,1,Manager,Home,221.75,North,2023,4,True
484ffd1b-1733-47d3-8f92-72104c84e8ec,1097,537,2023-07-31,1279.18,Wendy Gonzalez,51,patrick68@example.com,1,Fill,Fashion,133.46,North,2023,7,True
240f3e57-0aaf-423a-b07d-c75180022d4f,1098,545,2024-04-30,825.36,Nancy Thomas,29,lewisjenna@example.net,1,Term,Books,38.86,North,2024,4,False
daa20781-acea-4046-9c81-c2ec71f2c7a8,1060,501,2023-07-22,849.38,Nicole Mcdonald,52,charles28@example.com,1,Seat,Books,462.65,North,2023,7,False
4314d526-cbca-40c0-a94d-290af991d56e,1080,538,2024-10-07,982.99,Christopher Sparks,40,qrose@example.com,1,Bed,Fashion,396.6,North,2024,10,False
82170c8a-4361-4b56-9b99-2e4aa6af2c4e,1064,527,2024-09-18,702.07,Nicholas Perez,68,andersonchristopher@example.com,1,Process,Electronics,45.63,North,2024,9,False
c8c10e9b-9fd7-4374-89ce-b51f6b2dcf7b,1087,507,2024-10-16,406.91,Joanna Cooley,30,kellyeric@example.com,1,Specific,Electronics,84.66,North,2024,10,False
51a80b1c-2434-44e0-b44d-aa6a46255efc,1098,544,2024-05-18,690.24,Nancy Thomas,29,lewisjenna@example.net,1,Concern,Books,14.74,North,2024,5,False
cb303e37-ffa4-4b75-859d-b1c9937af9e0,1034,505,2025-01-22,1834.89,Justin Bruce,47,veronica65@example.org,1,Avoid,Electronics,187.63,North,2025,1,True
b36a89c9-61ff-4ae2-884f-4b35c4892eec,1072,542,2023-06-28,42.84,Amy Walsh,56,derekle@example.org,1,Nothing,Electronics,75.83,North,2023,6,False
085d394f-ece5-41cf-83ac-4ecf8b0ce7c6,1072,542,2024-08-05,1204.03,Amy Walsh,56,derekle@example.org,1,Nothing,Electronics,75.83,North,2024,8,True
452a0a07-be30-4757-b731-17aac581f144,1009,523,2024-09-27,901.78,Lisa Foster,23,brentsmith@example.net,1,Full,Books,160.69,North,2024,9,False
61f7ba58-39e0-4b2f-9f83-78b14240f7e3,1094,512,2023-02-06,724.82,Rebecca Brooks,52,davistammy@example.net,1,Appear,Home,369.06,North,2023,2,False
ce225a8c-1017-4a7a-b27c-9c040b751d5a,1098,509,2023-02-11,471.32,Nancy Thomas,29,lewisjenna@example.net,1,Sister,Home,200.18,North,2023,2,False
318d69e9-9341-42b4-8789-016f9a14141f,1045,529,2023-11-25,998.02,Heather Cummings,52,fuentessamantha@example.org,1,Throughout,Home,11.91,North,2023,11,False
3ec2e5d6-de04-416c-b38e-c85922aa24f5,1045,543,2023-07-02,625.28,Heather Cummings,52,fuentessamantha@example.org,1,Dog,Fashion,368.77,North,2023,7,False
7bd64435-5473-45c3-88aa-fe3f772895be,1082,502,2023-09-13,449.27,Kaitlyn Weaver,59,owatts@example.org,1,True,Books,130.74,North,2023,9,False
70b2066b-3ca2-420a-aa71-45a9dba9eeec,1049,531,2024-01-28,1590.03,Mark Baker,69,jennifer28@example.net,1,Add,Fashion,175.33,North,2024,1,True
47a2222c-6bee-4d8b-b729-7951d59ca8e9,1049,533,2023-03-10,875.35,Mark Baker,69,jennifer28@example.net,1,Over,Fashion,363.84,North,2023,3,False
b549ae65-5d59-409f-b009-39d6daacfbc1,1013,505,2024-08-15,268.83,Dennis Guzman,32,kevin98@example.net,1,Avoid,Electronics,187.63,North,2024,8,False
64d33840-c1be-47b5-9864-81a03169b1a8,1013,518,2024-01-06,1905.81,Dennis Guzman,32,kevin98@example.net,1,Begin,Electronics,42.76,North,2024,1,True
f12d4308-4505-4040-9290-f5d4a3eb56e1,1056,516,2023-08-29,1776.83,Jordan Parks,56,jdaniels@example.com,1,Past,Books,125.65,North,2023,8,True
a1b58b58-2dbe-420a-ae7b-2a9d4819c027,1098,542,2025-01-14,1879.21,Nancy Thomas,29,lewisjenna@example.net,1,Nothing,Electronics,75.83,North,2025,1,True
3f2563a6-0c95-48a0-89e0-0a92c836ca26,1034,507,2023-05-26,474.61,Justin Bruce,47,veronica65@example.org,1,Specific,Electronics,84.66,North,2023,5,False
4d1c4ae0-ede9-44f3-a58c-52d268d4272d,1022,510,2023-04-15,979.9,Dylan Meyer,60,phillipgarcia@example.net,1,System,Electronics,45.5,North,2023,4,False
517c8242-fe72-472a-9dc2-008166580603,1080,520,2024-05-09,1100.42,Christopher Sparks,40,qrose@example.com,1,Sometimes,Home,40.73,North,2024,5,True
d1a78a21-16b1-4455-9e97-985802918cbb,1009,536,2023-09-14,1673.34,Lisa Foster,23,brentsmith@example.net,1,Manager,Home,221.75,North,2023,9,True
1b58d17b-c0f4-4e44-ba15-563a732884d1,1009,545,2025-03-30,1818.36,Lisa Foster,23,brentsmith@example.net,1,Term,Books,38.86,North,2025,3,True
733b5b96-6332-4cb1-9dcc-1e4649dee25c,1080,513,2024-10-23,71.11,Christopher Sparks,40,qrose@example.com,1,Grow,Home,268.22,North,2024,10,False
eeb995b6-8ba9-42bb-9c89-ee8dc007d59a,1049,523,2024-10-25,585.19,Mark Baker,69,jennifer28@example.net,1,Full,Books,160.69,North,2024,10,False
b7d41db7-cc61-43c6-9a57-295f53b62d91,1009,550,2024-12-22,1208.68,Lisa Foster,23,brentsmith@example.net,1,Across,Books,118.07,North,2024,12,True
da686db9-1b90-459d-a015-cea6d6010164,1078,514,2023-03-24,1570.77,Diana Coleman,20,michaelmoore@example.org,1,Become,Books,102.69,North,2023,3,True
6ac7ecff-f79f-4494-a59f-0d0da2990145,1076,537,2024-12-31,980.51,Debra Juarez,21,pdean@example.net,1,Fill,Fashion,133.46,North,2024,12,False
4dbdc463-9810-4b97-bc57-eaf914e3f1c9,1056,531,2024-12-14,225.65,Jordan Parks,56,jdaniels@example.com,1,Add,Fashion,175.33,North,2024,12,False
4e911f7e-329b-4134-a00b-f864565226c3,1045,531,2023-04-07,1713.26,Heather Cummings,52,fuentessamantha@example.org,1,Add,Fashion,175.33,North,2023,4,True
2e57e996-8ba1-4443-bb68-d073209fecbc,1045,530,2024-09-18,1689.0,Heather Cummings,52,fuentessamantha@example.org,1,Yourself,Books,244.22,North,2024,9,True
0722daa6-3d07-4d83-b5c0-af5463dc5b0d,1056,518,2023-01-23,620.29,Jordan Parks,56,jdaniels@example.com,1,Begin,Electronics,42.76,North,2023,1,False
6cc6c8dd-0a21-4d6a-89d2-f57bd73be558,1076,539,2024-10-03,426.52,Debra Juarez,21,pdean@example.net,1,No,Home,334.81,North,2024,10,False
d2f17585-9f66-4a1e-8b7a-a754457ee005,1080,535,2024-08-13,841.6,Christopher Sparks,40,qrose@example.com,1,Then,Home,399.68,North,2024,8,False
afa39fb4-527a-40f4-b476-58ff41098401,1098,514,2025-02-12,1096.66,Nancy Thomas,29,lewisjenna@example.net,1,Become,Books,102.69,North,2025,2,True
6411fc65-fd23-42cd-a829-31b33735a6dc,1097,534,2023-05-04,1090.67,Wendy Gonzalez,51,patrick68@example.com,1,Well,Home,183.69,North,2023,5,True
28a7c700-9ee4-4685-90f7-5ebaccd18b0e,1022,510,2024-10-16,665.01,Dylan Meyer,60,phillipgarcia@example.net,1,System,Electronics,45.5,North,2024,10,False
88a217d1-5247-4865-9b85-ce69b6bc1c13,1072,509,2024-10-11,769.19,Amy Walsh,56,derekle@example.org,1,Sister,Home,200.18,North,2024,10,False
9fcc9434-1d49-4f5a-9a86-a79c66da636c,1049,528,2025-03-06,474.72,Mark Baker,69,jennifer28@example.net,1,Past,Books,74.64,North,2025,3,False
e6e342c1-2423-4d67-a3c3-efec7871a44b,1045,512,2023-05-13,1380.29,Heather Cummings,52,fuentessamantha@example.org,1,Appear,Home,369.06,North,2023,5,True
994b00ef-fcb3-4f0d-8195-a1bf351d26ea,1009,505,2024-08-04,1869.53,Lisa Foster,23,brentsmith@example.net,1,Avoid,Electronics,187.63,North,2024,8,True
d29d980a-37ed-4ef6-835e-063b93b19ccf,1045,536,2024-04-26,905.21,Heather Cummings,52,fuentessamantha@example.org,1,Manager,Home,221.75,North,2024,4,False
fcaedc46-f92a-44bc-8862-e98f38394bb1,1011,511,2025-03-25,525.77,Tina Moreno,37,lawsonscott@example.org,1,Create,Electronics,181.72,North,2025,3,False
54cf36dd-131b-4c88-8144-abe0f4f2e479,1076,540,2024-08-03,1494.93,Debra Juarez,21,pdean@example.net,1,Skin,Electronics,127.45,North,2024,8,True
bd0ccd28-b2ae-4f1c-b297-b2b783346e83,1064,529,2023-12-11,1838.09,Nicholas Perez,68,andersonchristopher@example.com,1,Throughout,Home,11.91,North,2023,12,True
caff65f6-acb8-4e00-9037-5d22d82d9717,1076,545,2023-04-14,1870.74,Debra Juarez,21,pdean@example.net,1,Term,Books,38.86,North,2023,4,True
5e87efc2-be3b-464f-94db-4e2b995b97fb,1022,519,2023-12-10,480.41,Dylan Meyer,60,phillipgarcia@example.net,1,Prove,Electronics,419.7,North,2023,12,False
6d1ccaf6-55ab-4b69-8187-0f40f5d42fa4,1080,550,2023-10-19,101.93,Christopher Sparks,40,qrose@example.com,1,Across,Books,118.07,North,2023,10,False
4b22f5a7-811a-43eb-94d5-1e1f65912a5e,1097,524,2024-01-15,653.4,Wendy Gonzalez,51,patrick68@example.com,1,Weight,Electronics,75.89,North,2024,1,False
199f6560-6578-4a69-a759-564eac2b5ece,1045,539,2023-12-20,763.17,Heather Cummings,52,fuentessamantha@example.org,1,No,Home,334.81,North,2023,12,False
9e890498-546d-4665-962c-5e5bbf4e8ebe,1060,503,2024-12-01,186.78,Nicole Mcdonald,52,charles28@example.com,1,Result,Fashion,186.41,North,2024,12,False
647fc99d-3e93-4e93-9081-7cb838814588,1098,526,2024-08-26,1397.8,Nancy Thomas,29,lewisjenna@example.net,1,Wide,Fashion,428.23,North,2024,8,True
9b8f6084-8df0-4409-a895-f6a3326000a3,1097,525,2024-12-12,768.68,Wendy Gonzalez,51,patrick68@example.com,1,Live,Fashion,117.64,North,2024,12,False
498cf139-e7e1-4c86-b43d-fa79bb5b0e72,1049,508,2023-01-19,1114.24,Mark Baker,69,jennifer28@example.net,1,Girl,Books,393.58,North,2023,1,True
83e40afd-c03f-422d-bcc5-6d0e8c274017,1056,550,2023-06-27,1836.39,Jordan Parks,56,jdaniels@example.com,1,Across,Books,118.07,North,2023,6,True
42071f8d-4818-495f-a0f0-62de2c94f5e5,1049,520,2025-01-29,1606.87,Mark Baker,69,jennifer28@example.net,1,Sometimes,Home,40.73,North,2025,1,True
58055c19-910f-4cdf-b0f6-0e6b34e1282c,1022,537,2025-01-29,1113.44,Dylan Meyer,60,phillipgarcia@example.net,1,Fill,Fashion,133.46,North,2025,1,True
0410f5de-26e0-4306-9bbb-d50a330de4d4,1089,506,2024-12-15,1134.9,John Adkins,35,knightpeter@example.org,1,More,Electronics,237.58,North,2024,12,True
54f06ee1-a22a-46ea-be37-4fecb15c80f4,1089,536,2023-07-07,1447.97,John Adkins,35,knightpeter@example.org,1,Manager,Home,221.75,North,2023,7,True
8ed1ce5a-54e2-478c-8bd4-5b3e410efaf2,1064,517,2024-10-25,834.69,Nicholas Perez,68,andersonchristopher@example.com,1,Hot,Home,445.51,North,2024,10,False
7aafcebc-2688-4c6f-8e27-12e3637a94c5,1097,512,2023-11-19,1500.55,Wendy Gonzalez,51,patrick68@example.com,1,Appear,Home,369.06,North,2023,11,True
1b1b82b7-0ea2-4947-b483-23c9a43c69a5,1013,537,2023-08-15,189.63,Dennis Guzman,32,kevin98@example.net,1,Fill,Fashion,133.46,North,2023,8,False
6e94e8ea-89e5-4074-81fb-5a8e55c4c9c1,1087,550,2024-06-14,215.64,Joanna Cooley,30,kellyeric@example.com,1,Across,Books,118.07,North,2024,6,False
6eb6502d-826d-4537-b3e3-744710cab7af,1076,550,2024-08-13,1361.45,Debra Juarez,21,pdean@example.net,1,Across,Books,118.07,North,2024,8,True
73dcb23a-ed2a-4aec-9758-f9bcfe3e94b6,1080,537,2024-11-03,1978.82,Christopher Sparks,40,qrose@example.com,1,Fill,Fashion,133.46,North,2024,11,True
1bef764d-1125-4c09-a4bb-caadf2b2a002,1076,528,2025-01-17,1883.39,Debra Juarez,21,pdean@example.net,1,Past,Books,74.64,North,2025,1,True
c2f5ce75-4c02-45dc-80cb-435540c07b3d,1082,533,2023-10-08,379.24,Kaitlyn Weaver,59,owatts@example.org,1,Over,Fashion,363.84,North,2023,10,False
1eda5ee6-77a4-48bb-aa2e-9ee5f7608872,1098,508,2024-10-29,1542.01,Nancy Thomas,29,lewisjenna@example.net,1,Girl,Books,393.58,North,2024,10,True
132d16de-573c-4b68-8200-5b50e471b4c4,1097,528,2025-04-03,1174.07,Wendy Gonzalez,51,patrick68@example.com,1,Past,Books,74.64,North,2025,4,True
9e2e4c40-8add-4262-8962-ad898740ac26,1013,509,2023-08-19,1149.62,Dennis Guzman,32,kevin98@example.net,1,Sister,Home,200.18,North,2023,8,True
765358f1-250e-435a-991d-fca0714a17ae,1011,534,2024-08-16,240.27,Tina Moreno,37,lawsonscott@example.org,1,Well,Home,183.69,North,2024,8,False
10af4339-d84d-4759-83a3-448b39ce4116,1064,533,2024-08-11,1523.0,Nicholas Perez,68,andersonchristopher@example.com,1,Over,Fashion,363.84,North,2024,8,True
15e5264d-fba1-43ba-b8a8-b826e1d2396b,1034,510,2023-03-08,1932.75,Justin Bruce,47,veronica65@example.org,1,System,Electronics,45.5,North,2023,3,True
89e5fa1e-b822-47c9-bce5-282d9d499c68,1087,538,2023-10-11,381.0,Joanna Cooley,30,kellyeric@example.com,1,Bed,Fashion,396.6,North,2023,10,False
6af06edb-9f59-42a6-a4fc-1a138cb23e1b,1076,545,2023-10-03,977.83,Debra Juarez,21,pdean@example.net,1,Term,Books,38.86,North,2023,10,False
f19ae8a6-c256-4f49-9779-114ef2af6b69,1082,519,2025-03-22,1068.54,Kaitlyn Weaver,59,owatts@example.org,1,Prove,Electronics,419.7,North,2025,3,True
4038f46c-7b44-404e-a313-1c2573443e5b,1098,545,2025-02-20,1981.4,Nancy Thomas,29,lewisjenna@example.net,1,Term,Books,38.86,North,2025,2,True
fea07c7b-4494-4155-9b58-b04ae57cc094,1013,532,2024-06-22,311.16,Dennis Guzman,32,kevin98@example.net,1,Difficult,Electronics,373.09,North,2024,6,False
cb9edc7b-851c-4015-aab6-dacd21208534,1056,545,2024-04-03,1022.52,Jordan Parks,56,jdaniels@example.com,1,Term,Books,38.86,North,2024,4,True
ef7101f1-9add-4ab4-ab50-138dd64b45c8,1013,511,2025-02-08,1945.34,Dennis Guzman,32,kevin98@example.net,1,Create,Electronics,181.72,North,2025,2,True
c1df6c53-d0d9-4387-bddf-f17c243c9782,1087,513,2024-05-05,394.62,Joanna Cooley,30,kellyeric@example.com,1,Grow,Home,268.22,North,2024,5,False
425c9029-3a6c-4d34-8cb4-32001cab1086,1049,547,2024-11-16,1617.47,Mark Baker,69,jennifer28@example.net,1,Personal,Fashion,396.66,North,2024,11,True
aa69c917-404a-4758-adea-8d3863326350,1022,540,2024-09-11,1088.74,Dylan Meyer,60,phillipgarcia@example.net,1,Skin,Electronics,127.45,North,2024,9,True
f3bf253f-c46e-46b1-a200-ca94e49fc904,1060,533,2024-07-24,1617.89,Nicole Mcdonald,52,charles28@example.com,1,Over,Fashion,363.84,North,2024,7,True
6a3ab001-f353-40a9-80fa-03a08d68823c,1060,533,2024-01-02,824.29,Nicole Mcdonald,52,charles28@example.com,1,Over,Fashion,363.84,North,2024,1,False
a4a044e2-30ee-4cfa-a44e-c8cd790e445c,1009,549,2023-03-13,573.33,Lisa Foster,23,brentsmith@example.net,1,Until,Electronics,174.84,North,2023,3,False
88593670-c9b3-4be1-a5e7-04efa914bd93,1013,547,2024-07-13,161.85,Dennis Guzman,32,kevin98@example.net,1,Personal,Fashion,396.66,North,2024,7,False
f0b9f168-b5bb-45c6-8ad7-5d1dbdc42895,1087,530,2025-01-03,895.55,Joanna Cooley,30,kellyeric@example.com,1,Yourself,Books,244.22,North,2025,1,False
bd169fbc-d114-47d1-b3a3-6922e1797428,1056,545,2024-05-04,1103.78,Jordan Parks,56,jdaniels@example.com,1,Term,Books,38.86,North,2024,5,True
d834edc1-5e2d-4725-a05f-b02bccc3aa60,1011,536,2024-12-08,270.94,Tina Moreno,37,lawsonscott@example.org,1,Manager,Home,221.75,North,2024,12,False
96561eae-d19a-45bc-bdf8-de3f59f6aa4e,1089,508,2024-07-27,305.15,John Adkins,35,knightpeter@example.org,1,Girl,Books,393.58,North,2024,7,False
32202a83-b150-4692-a25a-39efe87401d7,1013,519,2023-04-01,1099.68,Dennis Guzman,32,kevin98@example.net,1,Prove,Electronics,419.7,North,2023,4,True
0a75b15f-fd9f-4f32-84ee-f542ec4605c1,1072,518,2023-05-04,857.57,Amy Walsh,56,derekle@example.org,1,Begin,Electronics,42.76,North,2023,5,False
63332ce9-f8a0-4df9-b910-8149129539cb,1097,550,2025-01-16,773.12,Wendy Gonzalez,51,patrick68@example.com,1,Across,Books,118.07,North,2025,1,False
a9136d2f-3c7b-4cfd-8a88-94aa6a0d6db7,1072,548,2023-05-28,1014.05,Amy Walsh,56,derekle@example.org,1,Play,Electronics,116.5,North,2023,5,True
e54258b0-1935-424b-aa0e-3075eabaa5d8,1049,507,2023-03-11,644.96,Mark Baker,69,jennifer28@example.net,1,Specific,Electronics,84.66,North,2023,3,False
ebc54cd0-309f-4dde-b0b1-7c8f7d1fd10f,1056,542,2023-08-16,1233.12,Jordan Parks,56,jdaniels@example.com,1,Nothing,Electronics,75.83,North,2023,8,True
c988f280-5cef-4c1a-a304-b3735f08f53c,1049,537,2024-01-17,989.24,Mark Baker,69,jennifer28@example.net,1,Fill,Fashion,133.46,North,2024,1,False
4423613f-eaa2-4584-aed6-deb8dfebba45,1022,533,2023-03-04,362.14,Dylan Meyer,60,phillipgarcia@example.net,1,Over,Fashion,363.84,North,2023,3,False
6985f53f-8955-4032-abd5-a1253e0fdff1,1076,525,2023-06-13,1302.9,Debra Juarez,21,pdean@example.net,1,Live,Fashion,117.64,North,2023,6,True
955c2541-dabd-4016-aff5-f3ac5bbb8af4,1087,536,2024-08-11,421.67,Joanna Cooley,30,kellyeric@example.com,1,Manager,Home,221.75,North,2024,8,False
f9f1dd1a-06f8-497a-9377-c1f28fc5062e,1022,505,2025-02-17,416.86,Dylan Meyer,60,phillipgarcia@example.net,1,Avoid,Electronics,187.63,North,2025,2,False
d8f9a253-6857-4822-abaa-381f5aa953ad,1076,547,2023-11-20,1646.87,Debra Juarez,21,pdean@example.net,1,Personal,Fashion,396.66,North,2023,11,True
46171971-241a-4acd-83f0-1b896bdac0b9,1094,544,2023-02-03,197.63,Rebecca Brooks,52,davistammy@example.net,1,Concern,Books,14.74,North,2023,2,False
d8a77182-5246-4026-b677-d4cd49148025,1098,507,2023-02-24,1906.1,Nancy Thomas,29,lewisjenna@example.net,1,Specific,Electronics,84.66,North,2023,2,True
e045b8cd-d80b-4a75-ac74-75b7cf93ee48,1064,514,2023-12-17,820.42,Nicholas Perez,68,andersonchristopher@example.com,1,Become,Books,102.69,North,2023,12,False
2c5220fe-13b7-4021-a576-3b6048573aa4,1089,526,2023-09-22,631.9,John Adkins,35,knightpeter@example.org,1,Wide,Fashion,428.23,North,2023,9,False
2347bc0a-1c23-4c8a-8bc2-1225b75aae2e,1064,513,2023-01-15,1947.36,Nicholas Perez,68,andersonchristopher@example.com,1,Grow,Home,268.22,North,2023,1,True
8a021ee4-b950-4522-85a0-2bf336a82311,1009,514,2024-07-15,617.71,Lisa Foster,23,brentsmith@example.net,1,Become,Books,102.69,North,2024,7,False
2f403bf8-2850-490b-98ae-0f1b4a81c8a0,1034,538,2024-04-18,1256.08,Justin Bruce,47,veronica65@example.org,1,Bed,Fashion,396.6,North,2024,4,True
b6bd7b35-f90d-4c9c-9e0a-96a0c4f2da51,1013,525,2024-01-13,385.91,Dennis Guzman,32,kevin98@example.net,1,Live,Fashion,117.64,North,2024,1,False
1825d0c0-1d0b-42de-a41d-d10c73e4e7d4,1064,526,2025-04-03,1289.65,Nicholas Perez,68,andersonchristopher@example.com,1,Wide,Fashion,428.23,North,2025,4,True
5ddf2656-a5a5-4ec5-b405-aa0ecbd15100,1089,520,2023-05-28,1189.21,John Adkins,35,knightpeter@example.org,1,Sometimes,Home,40.73,North,2023,5,True
1399ca8a-64de-4bd2-9a21-824be4618a2e,1097,540,2024-03-16,863.96,Wendy Gonzalez,51,patrick68@example.com,1,Skin,Electronics,127.45,North,2024,3,False
98eea86e-1757-4cd4-b59f-a31cd629ab50,1049,503,2024-11-14,1635.74,Mark Baker,69,jennifer28@example.net,1,Result,Fashion,186.41,North,2024,11,True
6ed5a773-24f8-493e-822e-09f0b713f4c5,1056,513,2024-03-23,285.96,Jordan Parks,56,jdaniels@example.com,1,Grow,Home,268.22,North,2024,3,False
a2fd5d24-488d-4e99-8cbb-4e4852c80fed,1087,504,2023-05-28,182.24,Joanna Cooley,30,kellyeric@example.com,1,Career,Fashion,152.96,North,2023,5,False
7fdde66b-4091-458d-8ce3-6b05f448673f,1022,515,2024-05-16,1714.86,Dylan Meyer,60,phillipgarcia@example.net,1,Tonight,Books,307.42,North,2024,5,True
02c304ee-7d30-40e8-86b2-ed9b72b68085,1076,527,2023-05-01,1113.68,Debra Juarez,21,pdean@example.net,1,Process,Electronics,45.63,North,2023,5,True
4781c39c-13b0-479d-aa12-f68a6cf2cf67,1072,549,2024-09-26,145.49,Amy Walsh,56,derekle@example.org,1,Until,Electronics,174.84,North,2024,9,False
e582e664-c568-4c53-8a81-f3c02108f26a,1076,528,2023-02-06,844.9,Debra Juarez,21,pdean@example.net,1,Past,Books,74.64,North,2023,2,False
9de2e5a8-aacc-48ad-b517-6f8cd8c9d196,1087,509,2023-06-04,1339.81,Joanna Cooley,30,kellyeric@example.com,1,Sister,Home,200.18,North,2023,6,True
e8d6caff-c7bb-409d-a241-f46cae356870,1080,543,2023-05-08,494.93,Christopher Sparks,40,qrose@example.com,1,Dog,Fashion,368.77,North,2023,5,False
0ac2fa08-3933-4449-ba93-876e13005f6e,1009,523,2024-11-08,774.84,Lisa Foster,23,brentsmith@example.net,1,Full,Books,160.69,North,2024,11,False
3686e02b-e403-44b6-8819-f6f7250094b2,1078,509,2023-02-14,567.06,Diana Coleman,20,michaelmoore@example.org,1,Sister,Home,200.18,North,2023,2,False
b3a64d36-ddd8-44b7-be61-2c1b5b0d8171,1009,522,2024-06-03,369.36,Lisa Foster,23,brentsmith@example.net,1,Single,Home,104.42,North,2024,6,False
c4a0fb3c-a458-42ea-be7d-8b82e142aec7,1060,531,2025-01-17,1580.13,Nicole Mcdonald,52,charles28@example.com,1,Add,Fashion,175.33,North,2025,1,True
a0eec945-0b15-4120-a141-7eacca629a3e,1098,526,2023-08-03,1707.76,Nancy Thomas,29,lewisjenna@example.net,1,Wide,Fashion,428.23,North,2023,8,True
13fae608-9cfa-4536-a400-e2295115c571,1098,547,2023-03-26,1934.07,Nancy Thomas,29,lewisjenna@example.net,1,Personal,Fashion,396.66,North,2023,3,True
2a4b1572-126c-4e06-89ad-01ad858f0324,1045,507,2023-08-07,508.84,Heather Cummings,52,fuentessamantha@example.org,1,Specific,Electronics,84.66,North,2023,8,False
35bf6ff9-a5d2-49ab-9514-dd6bc60bd10d,1049,514,2025-02-05,1586.9,Mark Baker,69,jennifer28@example.net,1,Become,Books,102.69,North,2025,2,True
a611212f-ac50-4815-ab7c-c2cedaa6647e,1097,550,2024-07-30,1897.44,Wendy Gonzalez,51,patrick68@example.com,1,Across,Books,118.07,North,2024,7,True
56e14af7-69f4-49df-9049-765790b32946,1098,503,2024-06-18,1474.96,Nancy Thomas,29,lewisjenna@example.net,1,Result,Fashion,186.41,North,2024,6,True
b75b1f77-01c8-4f5d-887e-3bc52cdf526b,1045,521,2024-05-24,1282.22,Heather Cummings,52,fuentessamantha@example.org,1,Quite,Fashion,129.17,North,2024,5,True
0c5c5c6c-c8eb-49a9-bbf1-cb5754bea3c3,1034,544,2024-03-02,1923.72,Justin Bruce,47,veronica65@example.org,1,Concern,Books,14.74,North,2024,3,True
bead4cd7-b7d5-491f-a3b6-9c68c64a90aa,1060,520,2024-12-16,101.28,Nicole Mcdonald,52,charles28@example.com,1,Sometimes,Home,40.73,North,2024,12,False
8c00aba7-5e50-4cb3-ad87-44d74a7ec889,1045,548,2023-11-03,73.41,Heather Cummings,52,fuentessamantha@example.org,1,Play,Electronics,116.5,North,2023,11,False
61668353-9882-4484-b22d-69f30e15fdca,1098,516,2023-11-10,831.82,Nancy Thomas,29,lewisjenna@example.net,1,Past,Books,125.65,North,2023,11,False
89b67555-4c92-4773-b7f4-06fb516dbbb3,1022,549,2023-07-24,144.43,Dylan Meyer,60,phillipgarcia@example.net,1,Until,Electronics,174.84,North,2023,7,False
7745d585-d058-42ff-a1fb-08255e7c1769,1098,512,2025-02-04,258.58,Nancy Thomas,29,lewisjenna@example.net,1,Appear,Home,369.06,North,2025,2,False
8cd6c245-aa52-4a3f-b997-549de766d483,1011,521,2023-12-07,1920.95,Tina Moreno,37,lawsonscott@example.org,1,Quite,Fashion,129.17,North,2023,12,True
9ecd1bc4-7b34-4213-8715-6bd8c72d8540,1009,533,2023-06-20,966.33,Lisa Foster,23,brentsmith@example.net,1,Over,Fashion,363.84,North,2023,6,False
09653909-23db-4ed1-9381-0a76d108d4fe,1009,548,2023-11-17,55.32,Lisa Foster,23,brentsmith@example.net,1,Play,Electronics,116.5,North,2023,11,False
691de475-53b1-408e-aee3-a40263e3921b,1072,508,2025-01-19,902.16,Amy Walsh,56,derekle@example.org,1,Girl,Books,393.58,North,2025,1,False
16311d74-972c-4654-ac14-c3e47e09008e,1094,516,2024-01-02,1472.74,Rebecca Brooks,52,davistammy@example.net,1,Past,Books,125.65,North,2024,1,True
2383d97c-7b44-4714-8ea8-fc236b375a1f,1060,529,2024-11-07,1163.73,Nicole Mcdonald,52,charles28@example.com,1,Throughout,Home,11.91,North,2024,11,True
224d33a7-770e-439b-b9d4-a176b936de5b,1045,539,2023-12-17,284.62,Heather Cummings,52,fuentessamantha@example.org,1,No,Home,334.81,North,2023,12,False
fa555b98-03e9-47d8-8a5c-2f1c910af2e7,1045,512,2023-03-21,1224.67,Heather Cummings,52,fuentessamantha@example.org,1,Appear,Home,369.06,North,2023,3,True
611196a5-d1f8-4011-9824-5969b6fc6e1e,1082,530,2024-03-19,1108.21,Kaitlyn Weaver,59,owatts@example.org,1,Yourself,Books,244.22,North,2024,3,True
