Seed,Name,Value
sudoku for kids,Keyword,kids sudoku 1-6
sudoku for kids,Keyword,sudoku for kids printable
sudoku for kids,Keyword,sudoku for kids nz
sudoku for kids,Keyword,junior sudoku for kids
sudoku for kids,Keyword,sudoku for clever kids
sudoku for kids,Keyword,sudoku for kids 2x2
sudoku for kids,Keyword,sudoku for kids 3x3
sudoku for kids,Keyword,sudoku for kids 5x5
sudoku for kids,Keyword,sudoku for kids easy
sudoku for kids,Keyword,sudoku for kids game
sudoku for kids,Keyword,sudoku for kids kmart
sudoku for kids,Keyword,sudoku for kids medium
sudoku for kids,Keyword,sudoku for kids rules
sudoku for kids,Keyword,sudoku for kids switch
sudoku for kids,Keyword,sudoku for kids video
sudoku for kids,Keyword,sudoku for kids beginners
