Keyword,Seed,Source,Score
kids sudoku 1-6,sudoku for kids,google,95.07
sudoku for kids printable,sudoku for kids,google,95.04
sudoku for kids nz,sudoku for kids,google,92.56
junior sudoku for kids,sudoku for kids,google,92.55
sudoku for clever kids,sudoku for kids,google,92.55
sudoku for kids 2x2,sudoku for kids,google,92.55
sudoku for kids 3x3,sudoku for kids,google,92.55
sudoku for kids 5x5,sudoku for kids,google,92.55
sudoku for kids easy,sudoku for kids,google,92.55
sudoku for kids game,sudoku for kids,google,92.55
sudoku for kids kmart,sudoku for kids,google,92.55
sudoku for kids medium,sudoku for kids,google,92.55
sudoku for kids rules,sudoku for kids,google,92.55
sudoku for kids switch,sudoku for kids,google,92.55
sudoku for kids video,sudoku for kids,google,92.55
sudoku for kids beginners,sudoku for kids,google,92.54
